﻿<?xml version="1.0" encoding="utf-8"?>
<abapGit version="v1.0.0" serializer="LCL_OBJECT_FUGR" serializer_version="v1.0.0">
 <asx:abap xmlns:asx="http://www.sap.com/abapxml" version="1.0">
  <asx:values>
   <AREAT>Heatmaps for Screen Personas</AREAT>
   <INCLUDES>
    <SOBJ_NAME>LZHEATMAPSTOP</SOBJ_NAME>
    <SOBJ_NAME>SAPLZHEATMAPS</SOBJ_NAME>
   </INCLUDES>
   <FUNCTIONS>
    <item>
     <FUNCNAME>ZFM_HEATMAPS</FUNCNAME>
     <INCLUDE>LZHEATMAPSU01</INCLUDE>
     <GLOBAL_FLAG/>
     <REMOTE_CALL>R</REMOTE_CALL>
     <UPDATE_TASK/>
     <SHORT_TEXT>FM for capturing click coordinates</SHORT_TEXT>
     <REMOTE_BASXML/>
     <IMPORT>
      <RSIMP>
       <PARAMETER>IV_PROGNAME</PARAMETER>
       <DBFIELD/>
       <DEFAULT/>
       <TYPES/>
       <OPTIONAL/>
       <REFERENCE/>
       <CHANGING/>
       <TYP>CHAR8</TYP>
       <CLASS/>
       <REF_CLASS/>
       <LINE_OF/>
       <TABLE_OF/>
      </RSIMP>
      <RSIMP>
       <PARAMETER>IV_SCREEN</PARAMETER>
       <DBFIELD/>
       <DEFAULT/>
       <TYPES/>
       <OPTIONAL/>
       <REFERENCE/>
       <CHANGING/>
       <TYP>CHAR4</TYP>
       <CLASS/>
       <REF_CLASS/>
       <LINE_OF/>
       <TABLE_OF/>
      </RSIMP>
      <RSIMP>
       <PARAMETER>IV_X</PARAMETER>
       <DBFIELD/>
       <DEFAULT/>
       <TYPES/>
       <OPTIONAL/>
       <REFERENCE/>
       <CHANGING/>
       <TYP>CHAR4</TYP>
       <CLASS/>
       <REF_CLASS/>
       <LINE_OF/>
       <TABLE_OF/>
      </RSIMP>
      <RSIMP>
       <PARAMETER>IV_Y</PARAMETER>
       <DBFIELD/>
       <DEFAULT/>
       <TYPES/>
       <OPTIONAL/>
       <REFERENCE/>
       <CHANGING/>
       <TYP>CHAR4</TYP>
       <CLASS/>
       <REF_CLASS/>
       <LINE_OF/>
       <TABLE_OF/>
      </RSIMP>
     </IMPORT>
     <CHANGING/>
     <EXPORT/>
     <TABLES/>
     <EXCEPTION/>
     <DOCUMENTATION>
      <RSFDO>
       <PARAMETER>IV_PROGNAME</PARAMETER>
       <KIND>P</KIND>
       <STEXT>Character field, 8 characters long</STEXT>
       <INDEX> 001</INDEX>
      </RSFDO>
      <RSFDO>
       <PARAMETER>IV_SCREEN</PARAMETER>
       <KIND>P</KIND>
       <STEXT>Not More Closely Defined Area, Possibly Used for Patchlevels</STEXT>
       <INDEX> 002</INDEX>
      </RSFDO>
      <RSFDO>
       <PARAMETER>IV_X</PARAMETER>
       <KIND>P</KIND>
       <STEXT>Not More Closely Defined Area, Possibly Used for Patchlevels</STEXT>
       <INDEX> 003</INDEX>
      </RSFDO>
      <RSFDO>
       <PARAMETER>IV_Y</PARAMETER>
       <KIND>P</KIND>
       <STEXT>Not More Closely Defined Area, Possibly Used for Patchlevels</STEXT>
       <INDEX> 004</INDEX>
      </RSFDO>
     </DOCUMENTATION>
    </item>
    <item>
     <FUNCNAME>ZFM_HEATMAPS_GEN</FUNCNAME>
     <INCLUDE>LZHEATMAPSU02</INCLUDE>
     <GLOBAL_FLAG/>
     <REMOTE_CALL>R</REMOTE_CALL>
     <UPDATE_TASK/>
     <SHORT_TEXT>FM for exporting coordinates to generate heatmap</SHORT_TEXT>
     <REMOTE_BASXML/>
     <IMPORT>
      <RSIMP>
       <PARAMETER>IV_PROGNAME</PARAMETER>
       <DBFIELD/>
       <DEFAULT/>
       <TYPES/>
       <OPTIONAL/>
       <REFERENCE/>
       <CHANGING/>
       <TYP>CHAR8</TYP>
       <CLASS/>
       <REF_CLASS/>
       <LINE_OF/>
       <TABLE_OF/>
      </RSIMP>
      <RSIMP>
       <PARAMETER>IV_SCREEN</PARAMETER>
       <DBFIELD/>
       <DEFAULT/>
       <TYPES/>
       <OPTIONAL/>
       <REFERENCE/>
       <CHANGING/>
       <TYP>CHAR4</TYP>
       <CLASS/>
       <REF_CLASS/>
       <LINE_OF/>
       <TABLE_OF/>
      </RSIMP>
     </IMPORT>
     <CHANGING/>
     <EXPORT/>
     <TABLES>
      <RSTBL>
       <PARAMETER>ET_COORDINATES</PARAMETER>
       <DBSTRUCT>ZHEATMAPS</DBSTRUCT>
       <TYPES/>
       <OPTIONAL/>
       <TYP/>
       <CLASS/>
       <REF_CLASS/>
       <LINE_OF/>
       <TABLE_OF/>
      </RSTBL>
     </TABLES>
     <EXCEPTION/>
     <DOCUMENTATION>
      <RSFDO>
       <PARAMETER>IV_PROGNAME</PARAMETER>
       <KIND>P</KIND>
       <STEXT>Character field, 8 characters long</STEXT>
       <INDEX> 001</INDEX>
      </RSFDO>
      <RSFDO>
       <PARAMETER>IV_SCREEN</PARAMETER>
       <KIND>P</KIND>
       <STEXT>Not More Closely Defined Area, Possibly Used for Patchlevels</STEXT>
       <INDEX> 002</INDEX>
      </RSFDO>
      <RSFDO>
       <PARAMETER>ET_COORDINATES</PARAMETER>
       <KIND>P</KIND>
       <STEXT>Table for storing coordinates for mouse clicks</STEXT>
       <INDEX> 003</INDEX>
      </RSFDO>
     </DOCUMENTATION>
    </item>
   </FUNCTIONS>
  </asx:values>
 </asx:abap>
</abapGit>
